insert into genre (genreid, name) values (1, 'rock');
insert into genre (genreid, name) values (2, 'jazz');
insert into genre (genreid, name) values (3, 'metal');
insert into genre (genreid, name) values (4, 'alternative & punk');
insert into genre (genreid, name) values (5, 'rock and roll');
insert into genre (genreid, name) values (6, 'blues');
insert into genre (genreid, name) values (7, 'latin');
insert into genre (genreid, name) values (8, 'reggae');
insert into genre (genreid, name) values (9, 'pop');
insert into genre (genreid, name) values (10, 'soundtrack');
insert into genre (genreid, name) values (11, 'bossa nova');
insert into genre (genreid, name) values (12, 'easy listening');
insert into genre (genreid, name) values (13, 'heavy metal');
insert into genre (genreid, name) values (14, 'r&b/soul');
insert into genre (genreid, name) values (15, 'electronica/dance');
insert into genre (genreid, name) values (16, 'world');
insert into genre (genreid, name) values (17, 'hip hop/rap');
insert into genre (genreid, name) values (18, 'science fiction');
insert into genre (genreid, name) values (19, 'tv shows');
insert into genre (genreid, name) values (20, 'sci fi & fantasy');
insert into genre (genreid, name) values (21, 'drama');
insert into genre (genreid, name) values (22, 'comedy');
insert into genre (genreid, name) values (23, 'alternative');
insert into genre (genreid, name) values (24, 'classical');
insert into genre (genreid, name) values (25, 'opera');

insert into mediatype (mediatypeid, name) values (1, 'mpeg audio file');
insert into mediatype (mediatypeid, name) values (2, 'protected aac audio file');
insert into mediatype (mediatypeid, name) values (3, 'protected mpeg-4 video file');
insert into mediatype (mediatypeid, name) values (4, 'purchased aac audio file');
insert into mediatype (mediatypeid, name) values (5, 'aac audio file');

insert into artist (artistid, name) values (1, 'ac/dc');
insert into artist (artistid, name) values (2, 'accept');
insert into artist (artistid, name) values (3, 'aerosmith');
insert into artist (artistid, name) values (4, 'alanis morissette');
insert into artist (artistid, name) values (5, 'alice in chains');
insert into artist (artistid, name) values (6, 'antônio carlos jobim');
insert into artist (artistid, name) values (7, 'apocalyptica');
insert into artist (artistid, name) values (8, 'audioslave');
insert into artist (artistid, name) values (9, 'backbeat');
insert into artist (artistid, name) values (10, 'billy cobham');
insert into artist (artistid, name) values (11, 'black label society');
insert into artist (artistid, name) values (12, 'black sabbath');
insert into artist (artistid, name) values (13, 'body count');
insert into artist (artistid, name) values (14, 'bruce dickinson');
insert into artist (artistid, name) values (15, 'buddy guy');
insert into artist (artistid, name) values (16, 'caetano veloso');
insert into artist (artistid, name) values (17, 'chico buarque');
insert into artist (artistid, name) values (18, 'chico science & nação zumbi');
insert into artist (artistid, name) values (19, 'cidade negra');
insert into artist (artistid, name) values (20, 'cláudio zoli');
insert into artist (artistid, name) values (21, 'various artists');
insert into artist (artistid, name) values (22, 'led zeppelin');
insert into artist (artistid, name) values (23, 'frank zappa & captain beefheart');
insert into artist (artistid, name) values (24, 'marcos valle');
insert into artist (artistid, name) values (25, 'milton nascimento & bebeto');
insert into artist (artistid, name) values (26, 'azymuth');
insert into artist (artistid, name) values (27, 'gilberto gil');
insert into artist (artistid, name) values (28, 'joão gilberto');
insert into artist (artistid, name) values (29, 'bebel gilberto');
insert into artist (artistid, name) values (30, 'jorge vercilo');
insert into artist (artistid, name) values (31, 'baby consuelo');
insert into artist (artistid, name) values (32, 'ney matogrosso');
insert into artist (artistid, name) values (33, 'luiz melodia');
insert into artist (artistid, name) values (34, 'nando reis');
insert into artist (artistid, name) values (35, 'pedro luís & a parede');
insert into artist (artistid, name) values (36, 'o rappa');
insert into artist (artistid, name) values (37, 'ed motta');
insert into artist (artistid, name) values (38, 'banda black rio');
insert into artist (artistid, name) values (39, 'fernanda porto');
insert into artist (artistid, name) values (40, 'os cariocas');
insert into artist (artistid, name) values (41, 'elis regina');
insert into artist (artistid, name) values (42, 'milton nascimento');
insert into artist (artistid, name) values (43, 'a cor do som');
insert into artist (artistid, name) values (44, 'kid abelha');
insert into artist (artistid, name) values (45, 'sandra de sá');
insert into artist (artistid, name) values (46, 'jorge ben');
insert into artist (artistid, name) values (47, 'hermeto pascoal');
insert into artist (artistid, name) values (48, 'barão vermelho');
insert into artist (artistid, name) values (49, 'edson, dj marky & dj patife featuring fernanda porto');
insert into artist (artistid, name) values (50, 'metallica');
insert into artist (artistid, name) values (51, 'queen');
insert into artist (artistid, name) values (52, 'kiss');
insert into artist (artistid, name) values (53, 'spyro gyra');
insert into artist (artistid, name) values (54, 'green day');
insert into artist (artistid, name) values (55, 'david coverdale');
insert into artist (artistid, name) values (56, 'gonzaguinha');
insert into artist (artistid, name) values (57, 'os mutantes');
insert into artist (artistid, name) values (58, 'deep purple');
insert into artist (artistid, name) values (59, 'santana');
insert into artist (artistid, name) values (60, 'santana feat. dave matthews');
insert into artist (artistid, name) values (61, 'santana feat. everlast');
insert into artist (artistid, name) values (62, 'santana feat. rob thomas');
insert into artist (artistid, name) values (63, 'santana feat. lauryn hill & cee-lo');
insert into artist (artistid, name) values (64, 'santana feat. the project g&b');
insert into artist (artistid, name) values (65, 'santana feat. maná');
insert into artist (artistid, name) values (66, 'santana feat. eagle-eye cherry');
insert into artist (artistid, name) values (67, 'santana feat. eric clapton');
insert into artist (artistid, name) values (68, 'miles davis');
insert into artist (artistid, name) values (69, 'gene krupa');
insert into artist (artistid, name) values (70, 'toquinho & vinícius');
insert into artist (artistid, name) values (71, 'vinícius de moraes & baden powell');
insert into artist (artistid, name) values (72, 'vinícius de moraes');
insert into artist (artistid, name) values (73, 'vinícius e qurteto em cy');
insert into artist (artistid, name) values (74, 'vinícius e odette lara');
insert into artist (artistid, name) values (75, 'vinicius, toquinho & quarteto em cy');
insert into artist (artistid, name) values (76, 'creedence clearwater revival');
insert into artist (artistid, name) values (77, 'cássia eller');
insert into artist (artistid, name) values (78, 'def leppard');
insert into artist (artistid, name) values (79, 'dennis chambers');
insert into artist (artistid, name) values (80, 'djavan');
insert into artist (artistid, name) values (81, 'eric clapton');
insert into artist (artistid, name) values (82, 'faith no more');
insert into artist (artistid, name) values (83, 'falamansa');
insert into artist (artistid, name) values (84, 'foo fighters');
insert into artist (artistid, name) values (85, 'frank sinatra');
insert into artist (artistid, name) values (86, 'funk como le gusta');
insert into artist (artistid, name) values (87, 'godsmack');
insert into artist (artistid, name) values (88, 'guns n'' roses');
insert into artist (artistid, name) values (89, 'incognito');
insert into artist (artistid, name) values (90, 'iron maiden');
insert into artist (artistid, name) values (91, 'james brown');
insert into artist (artistid, name) values (92, 'jamiroquai');
insert into artist (artistid, name) values (93, 'jet');
insert into artist (artistid, name) values (94, 'jimi hendrix');
insert into artist (artistid, name) values (95, 'joe satriani');
insert into artist (artistid, name) values (96, 'jota quest');
insert into artist (artistid, name) values (97, 'joão suplicy');
insert into artist (artistid, name) values (98, 'judas priest');
insert into artist (artistid, name) values (99, 'legião urbana');
insert into artist (artistid, name) values (100, 'lenny kravitz');
insert into artist (artistid, name) values (101, 'lulu santos');
insert into artist (artistid, name) values (102, 'marillion');
insert into artist (artistid, name) values (103, 'marisa monte');
insert into artist (artistid, name) values (104, 'marvin gaye');
insert into artist (artistid, name) values (105, 'men at work');
insert into artist (artistid, name) values (106, 'motörhead');
insert into artist (artistid, name) values (107, 'motörhead & girlschool');
insert into artist (artistid, name) values (108, 'mônica marianno');
insert into artist (artistid, name) values (109, 'mötley crüe');
insert into artist (artistid, name) values (110, 'nirvana');
insert into artist (artistid, name) values (111, 'o terço');
insert into artist (artistid, name) values (112, 'olodum');
insert into artist (artistid, name) values (113, 'os paralamas do sucesso');
insert into artist (artistid, name) values (114, 'ozzy osbourne');
insert into artist (artistid, name) values (115, 'page & plant');
insert into artist (artistid, name) values (116, 'passengers');
insert into artist (artistid, name) values (117, 'paul d''ianno');
insert into artist (artistid, name) values (118, 'pearl jam');
insert into artist (artistid, name) values (119, 'peter tosh');
insert into artist (artistid, name) values (120, 'pink floyd');
insert into artist (artistid, name) values (121, 'planet hemp');
insert into artist (artistid, name) values (122, 'r.e.m. feat. kate pearson');
insert into artist (artistid, name) values (123, 'r.e.m. feat. krs-one');
insert into artist (artistid, name) values (124, 'r.e.m.');
insert into artist (artistid, name) values (125, 'raimundos');
insert into artist (artistid, name) values (126, 'raul seixas');
insert into artist (artistid, name) values (127, 'red hot chili peppers');
insert into artist (artistid, name) values (128, 'rush');
insert into artist (artistid, name) values (129, 'simply red');
insert into artist (artistid, name) values (130, 'skank');
insert into artist (artistid, name) values (131, 'smashing pumpkins');
insert into artist (artistid, name) values (132, 'soundgarden');
insert into artist (artistid, name) values (133, 'stevie ray vaughan & double trouble');
insert into artist (artistid, name) values (134, 'stone temple pilots');
insert into artist (artistid, name) values (135, 'system of a down');
insert into artist (artistid, name) values (136, 'terry bozzio, tony levin & steve stevens');
insert into artist (artistid, name) values (137, 'the black crowes');
insert into artist (artistid, name) values (138, 'the clash');
insert into artist (artistid, name) values (139, 'the cult');
insert into artist (artistid, name) values (140, 'the doors');
insert into artist (artistid, name) values (141, 'the police');
insert into artist (artistid, name) values (142, 'the rolling stones');
insert into artist (artistid, name) values (143, 'the tea party');
insert into artist (artistid, name) values (144, 'the who');
insert into artist (artistid, name) values (145, 'tim maia');
insert into artist (artistid, name) values (146, 'titãs');
insert into artist (artistid, name) values (147, 'battlestar galactica');
insert into artist (artistid, name) values (148, 'heroes');
insert into artist (artistid, name) values (149, 'lost');
insert into artist (artistid, name) values (150, 'u2');
insert into artist (artistid, name) values (151, 'ub40');
insert into artist (artistid, name) values (152, 'van halen');
insert into artist (artistid, name) values (153, 'velvet revolver');
insert into artist (artistid, name) values (154, 'whitesnake');
insert into artist (artistid, name) values (155, 'zeca pagodinho');
insert into artist (artistid, name) values (156, 'the office');
insert into artist (artistid, name) values (157, 'dread zeppelin');
insert into artist (artistid, name) values (158, 'battlestar galactica (classic)');
insert into artist (artistid, name) values (159, 'aquaman');
insert into artist (artistid, name) values (160, 'christina aguilera featuring bigelf');
insert into artist (artistid, name) values (161, 'aerosmith & sierra leone''s refugee allstars');
insert into artist (artistid, name) values (162, 'los lonely boys');
insert into artist (artistid, name) values (163, 'corinne bailey rae');
insert into artist (artistid, name) values (164, 'dhani harrison & jakob dylan');
insert into artist (artistid, name) values (165, 'jackson browne');
insert into artist (artistid, name) values (166, 'avril lavigne');
insert into artist (artistid, name) values (167, 'big & rich');
insert into artist (artistid, name) values (168, 'youssou n''dour');
insert into artist (artistid, name) values (169, 'black eyed peas');
insert into artist (artistid, name) values (170, 'jack johnson');
insert into artist (artistid, name) values (171, 'ben harper');
insert into artist (artistid, name) values (172, 'snow patrol');
insert into artist (artistid, name) values (173, 'matisyahu');
insert into artist (artistid, name) values (174, 'the postal service');
insert into artist (artistid, name) values (175, 'jaguares');
insert into artist (artistid, name) values (176, 'the flaming lips');
insert into artist (artistid, name) values (177, 'jack''s mannequin & mick fleetwood');
insert into artist (artistid, name) values (178, 'regina spektor');
insert into artist (artistid, name) values (179, 'scorpions');
insert into artist (artistid, name) values (180, 'house of pain');
insert into artist (artistid, name) values (181, 'xis');
insert into artist (artistid, name) values (182, 'nega gizza');
insert into artist (artistid, name) values (183, 'gustavo & andres veiga & salazar');
insert into artist (artistid, name) values (184, 'rodox');
insert into artist (artistid, name) values (185, 'charlie brown jr.');
insert into artist (artistid, name) values (186, 'pedro luís e a parede');
insert into artist (artistid, name) values (187, 'los hermanos');
insert into artist (artistid, name) values (188, 'mundo livre s/a');
insert into artist (artistid, name) values (189, 'otto');
insert into artist (artistid, name) values (190, 'instituto');
insert into artist (artistid, name) values (191, 'nação zumbi');
insert into artist (artistid, name) values (192, 'dj dolores & orchestra santa massa');
insert into artist (artistid, name) values (193, 'seu jorge');
insert into artist (artistid, name) values (194, 'sabotage e instituto');
insert into artist (artistid, name) values (195, 'stereo maracana');
insert into artist (artistid, name) values (196, 'cake');
insert into artist (artistid, name) values (197, 'aisha duo');
insert into artist (artistid, name) values (198, 'habib koité and bamada');
insert into artist (artistid, name) values (199, 'karsh kale');
insert into artist (artistid, name) values (200, 'the posies');
insert into artist (artistid, name) values (201, 'luciana souza/romero lubambo');
insert into artist (artistid, name) values (202, 'aaron goldberg');
insert into artist (artistid, name) values (203, 'nicolaus esterhazy sinfonia');
insert into artist (artistid, name) values (204, 'temple of the dog');
insert into artist (artistid, name) values (205, 'chris cornell');
insert into artist (artistid, name) values (206, 'alberto turco & nova schola gregoriana');
insert into artist (artistid, name) values (207, 'richard marlow & the choir of trinity college, cambridge');
insert into artist (artistid, name) values (208, 'english concert & trevor pinnock');
insert into artist (artistid, name) values (209, 'anne-sophie mutter, herbert von karajan & wiener philharmoniker');
insert into artist (artistid, name) values (210, 'hilary hahn, jeffrey kahane, los angeles chamber orchestra & margaret batjer');
insert into artist (artistid, name) values (211, 'wilhelm kempff');
insert into artist (artistid, name) values (212, 'yo-yo ma');
insert into artist (artistid, name) values (213, 'scholars baroque ensemble');
insert into artist (artistid, name) values (214, 'academy of st. martin in the fields & sir neville marriner');
insert into artist (artistid, name) values (215, 'academy of st. martin in the fields chamber ensemble & sir neville marriner');
insert into artist (artistid, name) values (216, 'berliner philharmoniker, claudio abbado & sabine meyer');
insert into artist (artistid, name) values (217, 'royal philharmonic orchestra & sir thomas beecham');
insert into artist (artistid, name) values (218, 'orchestre révolutionnaire et romantique & john eliot gardiner');
insert into artist (artistid, name) values (219, 'britten sinfonia, ivor bolton & lesley garrett');
insert into artist (artistid, name) values (220, 'chicago symphony chorus, chicago symphony orchestra & sir georg solti');
insert into artist (artistid, name) values (221, 'sir georg solti & wiener philharmoniker');
insert into artist (artistid, name) values (222, 'academy of st. martin in the fields, john birch, sir neville marriner & sylvia mcnair');
insert into artist (artistid, name) values (223, 'london symphony orchestra & sir charles mackerras');
insert into artist (artistid, name) values (224, 'barry wordsworth & bbc concert orchestra');
insert into artist (artistid, name) values (225, 'herbert von karajan, mirella freni & wiener philharmoniker');
insert into artist (artistid, name) values (226, 'eugene ormandy');
insert into artist (artistid, name) values (227, 'luciano pavarotti');
insert into artist (artistid, name) values (228, 'leonard bernstein & new york philharmonic');
insert into artist (artistid, name) values (229, 'boston symphony orchestra & seiji ozawa');
insert into artist (artistid, name) values (230, 'aaron copland & london symphony orchestra');
insert into artist (artistid, name) values (231, 'ton koopman');
insert into artist (artistid, name) values (232, 'sergei prokofiev & yuri temirkanov');
insert into artist (artistid, name) values (233, 'chicago symphony orchestra & fritz reiner');
insert into artist (artistid, name) values (234, 'orchestra of the age of enlightenment');
insert into artist (artistid, name) values (235, 'emanuel ax, eugene ormandy & philadelphia orchestra');
insert into artist (artistid, name) values (236, 'james levine');
insert into artist (artistid, name) values (237, 'berliner philharmoniker & hans rosbaud');
insert into artist (artistid, name) values (238, 'maurizio pollini');
insert into artist (artistid, name) values (239, 'academy of st. martin in the fields, sir neville marriner & william bennett');
insert into artist (artistid, name) values (240, 'gustav mahler');
insert into artist (artistid, name) values (241, 'felix schmidt, london symphony orchestra & rafael frühbeck de burgos');
insert into artist (artistid, name) values (242, 'edo de waart & san francisco symphony');
insert into artist (artistid, name) values (243, 'antal doráti & london symphony orchestra');
insert into artist (artistid, name) values (244, 'choir of westminster abbey & simon preston');
insert into artist (artistid, name) values (245, 'michael tilson thomas & san francisco symphony');
insert into artist (artistid, name) values (246, 'chor der wiener staatsoper, herbert von karajan & wiener philharmoniker');
insert into artist (artistid, name) values (247, 'the king''s singers');
insert into artist (artistid, name) values (248, 'berliner philharmoniker & herbert von karajan');
insert into artist (artistid, name) values (249, 'sir georg solti, sumi jo & wiener philharmoniker');
insert into artist (artistid, name) values (250, 'christopher o''riley');
insert into artist (artistid, name) values (251, 'fretwork');
insert into artist (artistid, name) values (252, 'amy winehouse');
insert into artist (artistid, name) values (253, 'calexico');
insert into artist (artistid, name) values (254, 'otto klemperer & philharmonia orchestra');
insert into artist (artistid, name) values (255, 'yehudi menuhin');
insert into artist (artistid, name) values (256, 'philharmonia orchestra & sir neville marriner');
insert into artist (artistid, name) values (257, 'academy of st. martin in the fields, sir neville marriner & thurston dart');
insert into artist (artistid, name) values (258, 'les arts florissants & william christie');
insert into artist (artistid, name) values (259, 'the 12 cellists of the berlin philharmonic');
insert into artist (artistid, name) values (260, 'adrian leaper & doreen de feis');
insert into artist (artistid, name) values (261, 'roger norrington, london classical players');
insert into artist (artistid, name) values (262, 'charles dutoit & l''orchestre symphonique de montréal');
insert into artist (artistid, name) values (263, 'equale brass ensemble, john eliot gardiner & munich monteverdi orchestra and choir');
insert into artist (artistid, name) values (264, 'kent nagano and orchestre de l''opéra de lyon');
insert into artist (artistid, name) values (265, 'julian bream');
insert into artist (artistid, name) values (266, 'martin roscoe');
insert into artist (artistid, name) values (267, 'göteborgs symfoniker & neeme järvi');
insert into artist (artistid, name) values (268, 'itzhak perlman');
insert into artist (artistid, name) values (269, 'michele campanella');
insert into artist (artistid, name) values (270, 'gerald moore');
insert into artist (artistid, name) values (271, 'mela tenenbaum, pro musica prague & richard kapp');
insert into artist (artistid, name) values (272, 'emerson string quartet');
insert into artist (artistid, name) values (273, 'c. monteverdi, nigel rogers - chiaroscuro; london baroque; london cornett & sackbu');
insert into artist (artistid, name) values (274, 'nash ensemble');
insert into artist (artistid, name) values (275, 'philip glass ensemble');

insert into album (albumid, title, artistid) values (1, 'for those about to rock we salute you', 1);
insert into album (albumid, title, artistid) values (2, 'balls to the wall', 2);
insert into album (albumid, title, artistid) values (3, 'restless and wild', 2);
insert into album (albumid, title, artistid) values (4, 'let there be rock', 1);
insert into album (albumid, title, artistid) values (5, 'big ones', 3);
insert into album (albumid, title, artistid) values (6, 'jagged little pill', 4);
insert into album (albumid, title, artistid) values (7, 'facelift', 5);
insert into album (albumid, title, artistid) values (8, 'warner 25 anos', 6);
insert into album (albumid, title, artistid) values (9, 'plays metallica by four cellos', 7);
insert into album (albumid, title, artistid) values (10, 'audioslave', 8);
insert into album (albumid, title, artistid) values (11, 'out of exile', 8);
insert into album (albumid, title, artistid) values (12, 'backbeat soundtrack', 9);
insert into album (albumid, title, artistid) values (13, 'the best of billy cobham', 10);
insert into album (albumid, title, artistid) values (14, 'alcohol fueled brewtality live! [disc 1]', 11);
insert into album (albumid, title, artistid) values (15, 'alcohol fueled brewtality live! [disc 2]', 11);
insert into album (albumid, title, artistid) values (16, 'black sabbath', 12);
insert into album (albumid, title, artistid) values (17, 'black sabbath vol. 4 (remaster)', 12);
insert into album (albumid, title, artistid) values (18, 'body count', 13);
insert into album (albumid, title, artistid) values (19, 'chemical wedding', 14);
insert into album (albumid, title, artistid) values (20, 'the best of buddy guy - the millenium collection', 15);
insert into album (albumid, title, artistid) values (21, 'prenda minha', 16);
insert into album (albumid, title, artistid) values (22, 'sozinho remix ao vivo', 16);
insert into album (albumid, title, artistid) values (23, 'minha historia', 17);
insert into album (albumid, title, artistid) values (24, 'afrociberdelia', 18);
insert into album (albumid, title, artistid) values (25, 'da lama ao caos', 18);
insert into album (albumid, title, artistid) values (26, 'acústico mtv [live]', 19);
insert into album (albumid, title, artistid) values (27, 'cidade negra - hits', 19);
insert into album (albumid, title, artistid) values (28, 'na pista', 20);
insert into album (albumid, title, artistid) values (29, 'axé bahia 2001', 21);
insert into album (albumid, title, artistid) values (30, 'bbc sessions [disc 1] [live]', 22);
insert into album (albumid, title, artistid) values (31, 'bongo fury', 23);
insert into album (albumid, title, artistid) values (32, 'carnaval 2001', 21);
insert into album (albumid, title, artistid) values (33, 'chill: brazil (disc 1)', 24);
insert into album (albumid, title, artistid) values (34, 'chill: brazil (disc 2)', 6);
insert into album (albumid, title, artistid) values (35, 'garage inc. (disc 1)', 50);
insert into album (albumid, title, artistid) values (36, 'greatest hits ii', 51);
insert into album (albumid, title, artistid) values (37, 'greatest kiss', 52);
insert into album (albumid, title, artistid) values (38, 'heart of the night', 53);
insert into album (albumid, title, artistid) values (39, 'international superhits', 54);
insert into album (albumid, title, artistid) values (40, 'into the light', 55);
insert into album (albumid, title, artistid) values (41, 'meus momentos', 56);
insert into album (albumid, title, artistid) values (42, 'minha história', 57);
insert into album (albumid, title, artistid) values (43, 'mk iii the final concerts [disc 1]', 58);
insert into album (albumid, title, artistid) values (44, 'physical graffiti [disc 1]', 22);
insert into album (albumid, title, artistid) values (45, 'sambas de enredo 2001', 21);
insert into album (albumid, title, artistid) values (46, 'supernatural', 59);
insert into album (albumid, title, artistid) values (47, 'the best of ed motta', 37);
insert into album (albumid, title, artistid) values (48, 'the essential miles davis [disc 1]', 68);
insert into album (albumid, title, artistid) values (49, 'the essential miles davis [disc 2]', 68);
insert into album (albumid, title, artistid) values (50, 'the final concerts (disc 2)', 58);
insert into album (albumid, title, artistid) values (51, 'up an'' atom', 69);
insert into album (albumid, title, artistid) values (52, 'vinícius de moraes - sem limite', 70);
insert into album (albumid, title, artistid) values (53, 'vozes do mpb', 21);
insert into album (albumid, title, artistid) values (54, 'chronicle, vol. 1', 76);
insert into album (albumid, title, artistid) values (55, 'chronicle, vol. 2', 76);
insert into album (albumid, title, artistid) values (56, 'cássia eller - coleção sem limite [disc 2]', 77);
insert into album (albumid, title, artistid) values (57, 'cássia eller - sem limite [disc 1]', 77);
insert into album (albumid, title, artistid) values (58, 'come taste the band', 58);
insert into album (albumid, title, artistid) values (59, 'deep purple in rock', 58);
insert into album (albumid, title, artistid) values (60, 'fireball', 58);
insert into album (albumid, title, artistid) values (61, 'knocking at your back door: the best of deep purple in the 80''s', 58);
insert into album (albumid, title, artistid) values (62, 'machine head', 58);
insert into album (albumid, title, artistid) values (63, 'purpendicular', 58);
insert into album (albumid, title, artistid) values (64, 'slaves and masters', 58);
insert into album (albumid, title, artistid) values (65, 'stormbringer', 58);
insert into album (albumid, title, artistid) values (66, 'the battle rages on', 58);
insert into album (albumid, title, artistid) values (67, 'vault: def leppard''s greatest hits', 78);
insert into album (albumid, title, artistid) values (68, 'outbreak', 79);
insert into album (albumid, title, artistid) values (69, 'djavan ao vivo - vol. 02', 80);
insert into album (albumid, title, artistid) values (70, 'djavan ao vivo - vol. 1', 80);
insert into album (albumid, title, artistid) values (71, 'elis regina-minha história', 41);
insert into album (albumid, title, artistid) values (72, 'the cream of clapton', 81);
insert into album (albumid, title, artistid) values (73, 'unplugged', 81);
insert into album (albumid, title, artistid) values (74, 'album of the year', 82);
insert into album (albumid, title, artistid) values (75, 'angel dust', 82);
insert into album (albumid, title, artistid) values (76, 'king for a day fool for a lifetime', 82);
insert into album (albumid, title, artistid) values (77, 'the real thing', 82);
insert into album (albumid, title, artistid) values (78, 'deixa entrar', 83);
insert into album (albumid, title, artistid) values (79, 'in your honor [disc 1]', 84);
insert into album (albumid, title, artistid) values (80, 'in your honor [disc 2]', 84);
insert into album (albumid, title, artistid) values (81, 'one by one', 84);
insert into album (albumid, title, artistid) values (82, 'the colour and the shape', 84);
insert into album (albumid, title, artistid) values (83, 'my way: the best of frank sinatra [disc 1]', 85);
insert into album (albumid, title, artistid) values (84, 'roda de funk', 86);
insert into album (albumid, title, artistid) values (85, 'as canções de eu tu eles', 27);
insert into album (albumid, title, artistid) values (86, 'quanta gente veio ver (live)', 27);
insert into album (albumid, title, artistid) values (87, 'quanta gente veio ver--bônus de carnaval', 27);
insert into album (albumid, title, artistid) values (88, 'faceless', 87);
insert into album (albumid, title, artistid) values (89, 'american idiot', 54);
insert into album (albumid, title, artistid) values (90, 'appetite for destruction', 88);
insert into album (albumid, title, artistid) values (91, 'use your illusion i', 88);
insert into album (albumid, title, artistid) values (92, 'use your illusion ii', 88);
insert into album (albumid, title, artistid) values (93, 'blue moods', 89);
insert into album (albumid, title, artistid) values (94, 'a matter of life and death', 90);
insert into album (albumid, title, artistid) values (95, 'a real dead one', 90);
insert into album (albumid, title, artistid) values (96, 'a real live one', 90);
insert into album (albumid, title, artistid) values (97, 'brave new world', 90);
insert into album (albumid, title, artistid) values (98, 'dance of death', 90);
insert into album (albumid, title, artistid) values (99, 'fear of the dark', 90);
insert into album (albumid, title, artistid) values (100, 'iron maiden', 90);
insert into album (albumid, title, artistid) values (101, 'killers', 90);
insert into album (albumid, title, artistid) values (102, 'live after death', 90);
insert into album (albumid, title, artistid) values (103, 'live at donington 1992 (disc 1)', 90);
insert into album (albumid, title, artistid) values (104, 'live at donington 1992 (disc 2)', 90);
insert into album (albumid, title, artistid) values (105, 'no prayer for the dying', 90);
insert into album (albumid, title, artistid) values (106, 'piece of mind', 90);
insert into album (albumid, title, artistid) values (107, 'powerslave', 90);
insert into album (albumid, title, artistid) values (108, 'rock in rio [cd1]', 90);
insert into album (albumid, title, artistid) values (109, 'rock in rio [cd2]', 90);
insert into album (albumid, title, artistid) values (110, 'seventh son of a seventh son', 90);
insert into album (albumid, title, artistid) values (111, 'somewhere in time', 90);
insert into album (albumid, title, artistid) values (112, 'the number of the beast', 90);
insert into album (albumid, title, artistid) values (113, 'the x factor', 90);
insert into album (albumid, title, artistid) values (114, 'virtual xi', 90);
insert into album (albumid, title, artistid) values (115, 'sex machine', 91);
insert into album (albumid, title, artistid) values (116, 'emergency on planet earth', 92);
insert into album (albumid, title, artistid) values (117, 'synkronized', 92);
insert into album (albumid, title, artistid) values (118, 'the return of the space cowboy', 92);
insert into album (albumid, title, artistid) values (119, 'get born', 93);
insert into album (albumid, title, artistid) values (120, 'are you experienced?', 94);
insert into album (albumid, title, artistid) values (121, 'surfing with the alien (remastered)', 95);
insert into album (albumid, title, artistid) values (122, 'jorge ben jor 25 anos', 46);
insert into album (albumid, title, artistid) values (123, 'jota quest-1995', 96);
insert into album (albumid, title, artistid) values (124, 'cafezinho', 97);
insert into album (albumid, title, artistid) values (125, 'living after midnight', 98);
insert into album (albumid, title, artistid) values (126, 'unplugged [live]', 52);
insert into album (albumid, title, artistid) values (127, 'bbc sessions [disc 2] [live]', 22);
insert into album (albumid, title, artistid) values (128, 'coda', 22);
insert into album (albumid, title, artistid) values (129, 'houses of the holy', 22);
insert into album (albumid, title, artistid) values (130, 'in through the out door', 22);
insert into album (albumid, title, artistid) values (131, 'iv', 22);
insert into album (albumid, title, artistid) values (132, 'led zeppelin i', 22);
insert into album (albumid, title, artistid) values (133, 'led zeppelin ii', 22);
insert into album (albumid, title, artistid) values (134, 'led zeppelin iii', 22);
insert into album (albumid, title, artistid) values (135, 'physical graffiti [disc 2]', 22);
insert into album (albumid, title, artistid) values (136, 'presence', 22);
insert into album (albumid, title, artistid) values (137, 'the song remains the same (disc 1)', 22);
insert into album (albumid, title, artistid) values (138, 'the song remains the same (disc 2)', 22);
insert into album (albumid, title, artistid) values (139, 'a tempestadetempestade ou o livro dos dias', 99);
insert into album (albumid, title, artistid) values (140, 'mais do mesmo', 99);
insert into album (albumid, title, artistid) values (141, 'greatest hits', 100);
insert into album (albumid, title, artistid) values (142, 'lulu santos - rca 100 anos de música - álbum 01', 101);
insert into album (albumid, title, artistid) values (143, 'lulu santos - rca 100 anos de música - álbum 02', 101);
insert into album (albumid, title, artistid) values (144, 'misplaced childhood', 102);
insert into album (albumid, title, artistid) values (145, 'barulhinho bom', 103);
insert into album (albumid, title, artistid) values (146, 'seek and shall find: more of the best (1963-1981)', 104);
insert into album (albumid, title, artistid) values (147, 'the best of men at work', 105);
insert into album (albumid, title, artistid) values (148, 'black album', 50);
insert into album (albumid, title, artistid) values (149, 'garage inc. (disc 2)', 50);
insert into album (albumid, title, artistid) values (150, 'kill ''em all', 50);
insert into album (albumid, title, artistid) values (151, 'load', 50);
insert into album (albumid, title, artistid) values (152, 'master of puppets', 50);
insert into album (albumid, title, artistid) values (153, 'reload', 50);
insert into album (albumid, title, artistid) values (154, 'ride the lightning', 50);
insert into album (albumid, title, artistid) values (155, 'st. anger', 50);
insert into album (albumid, title, artistid) values (156, '...and justice for all', 50);
insert into album (albumid, title, artistid) values (157, 'miles ahead', 68);
insert into album (albumid, title, artistid) values (158, 'milton nascimento ao vivo', 42);
insert into album (albumid, title, artistid) values (159, 'minas', 42);
insert into album (albumid, title, artistid) values (160, 'ace of spades', 106);
insert into album (albumid, title, artistid) values (161, 'demorou...', 108);
insert into album (albumid, title, artistid) values (162, 'motley crue greatest hits', 109);
insert into album (albumid, title, artistid) values (163, 'from the muddy banks of the wishkah [live]', 110);
insert into album (albumid, title, artistid) values (164, 'nevermind', 110);
insert into album (albumid, title, artistid) values (165, 'compositores', 111);
insert into album (albumid, title, artistid) values (166, 'olodum', 112);
insert into album (albumid, title, artistid) values (167, 'acústico mtv', 113);
insert into album (albumid, title, artistid) values (168, 'arquivo ii', 113);
insert into album (albumid, title, artistid) values (169, 'arquivo os paralamas do sucesso', 113);
insert into album (albumid, title, artistid) values (170, 'bark at the moon (remastered)', 114);
insert into album (albumid, title, artistid) values (171, 'blizzard of ozz', 114);
insert into album (albumid, title, artistid) values (172, 'diary of a madman (remastered)', 114);
insert into album (albumid, title, artistid) values (173, 'no more tears (remastered)', 114);
insert into album (albumid, title, artistid) values (174, 'tribute', 114);
insert into album (albumid, title, artistid) values (175, 'walking into clarksdale', 115);
insert into album (albumid, title, artistid) values (176, 'original soundtracks 1', 116);
insert into album (albumid, title, artistid) values (177, 'the beast live', 117);
insert into album (albumid, title, artistid) values (178, 'live on two legs [live]', 118);
insert into album (albumid, title, artistid) values (179, 'pearl jam', 118);
insert into album (albumid, title, artistid) values (180, 'riot act', 118);
insert into album (albumid, title, artistid) values (181, 'ten', 118);
insert into album (albumid, title, artistid) values (182, 'vs.', 118);
insert into album (albumid, title, artistid) values (183, 'dark side of the moon', 120);
insert into album (albumid, title, artistid) values (184, 'os cães ladram mas a caravana não pára', 121);
insert into album (albumid, title, artistid) values (185, 'greatest hits i', 51);
insert into album (albumid, title, artistid) values (186, 'news of the world', 51);
insert into album (albumid, title, artistid) values (187, 'out of time', 122);
insert into album (albumid, title, artistid) values (188, 'green', 124);
insert into album (albumid, title, artistid) values (189, 'new adventures in hi-fi', 124);
insert into album (albumid, title, artistid) values (190, 'the best of r.e.m.: the irs years', 124);
insert into album (albumid, title, artistid) values (191, 'cesta básica', 125);
insert into album (albumid, title, artistid) values (192, 'raul seixas', 126);
insert into album (albumid, title, artistid) values (193, 'blood sugar sex magik', 127);
insert into album (albumid, title, artistid) values (194, 'by the way', 127);
insert into album (albumid, title, artistid) values (195, 'californication', 127);
insert into album (albumid, title, artistid) values (196, 'retrospective i (1974-1980)', 128);
insert into album (albumid, title, artistid) values (197, 'santana - as years go by', 59);
insert into album (albumid, title, artistid) values (198, 'santana live', 59);
insert into album (albumid, title, artistid) values (199, 'maquinarama', 130);
insert into album (albumid, title, artistid) values (200, 'o samba poconé', 130);
insert into album (albumid, title, artistid) values (201, 'judas 0: b-sides and rarities', 131);
insert into album (albumid, title, artistid) values (202, 'rotten apples: greatest hits', 131);
insert into album (albumid, title, artistid) values (203, 'a-sides', 132);
insert into album (albumid, title, artistid) values (204, 'morning dance', 53);
insert into album (albumid, title, artistid) values (205, 'in step', 133);
insert into album (albumid, title, artistid) values (206, 'core', 134);
insert into album (albumid, title, artistid) values (207, 'mezmerize', 135);
insert into album (albumid, title, artistid) values (208, '[1997] black light syndrome', 136);
insert into album (albumid, title, artistid) values (209, 'live [disc 1]', 137);
insert into album (albumid, title, artistid) values (210, 'live [disc 2]', 137);
insert into album (albumid, title, artistid) values (211, 'the singles', 138);
insert into album (albumid, title, artistid) values (212, 'beyond good and evil', 139);
insert into album (albumid, title, artistid) values (213, 'pure cult: the best of the cult (for rockers, ravers, lovers & sinners) [uk]', 139);
insert into album (albumid, title, artistid) values (214, 'the doors', 140);
insert into album (albumid, title, artistid) values (215, 'the police greatest hits', 141);
insert into album (albumid, title, artistid) values (216, 'hot rocks, 1964-1971 (disc 1)', 142);
insert into album (albumid, title, artistid) values (217, 'no security', 142);
insert into album (albumid, title, artistid) values (218, 'voodoo lounge', 142);
insert into album (albumid, title, artistid) values (219, 'tangents', 143);
insert into album (albumid, title, artistid) values (220, 'transmission', 143);
insert into album (albumid, title, artistid) values (221, 'my generation - the very best of the who', 144);
insert into album (albumid, title, artistid) values (222, 'serie sem limite (disc 1)', 145);
insert into album (albumid, title, artistid) values (223, 'serie sem limite (disc 2)', 145);
insert into album (albumid, title, artistid) values (224, 'acústico', 146);
insert into album (albumid, title, artistid) values (225, 'volume dois', 146);
insert into album (albumid, title, artistid) values (226, 'battlestar galactica: the story so far', 147);
insert into album (albumid, title, artistid) values (227, 'battlestar galactica, season 3', 147);
insert into album (albumid, title, artistid) values (228, 'heroes, season 1', 148);
insert into album (albumid, title, artistid) values (229, 'lost, season 3', 149);
insert into album (albumid, title, artistid) values (230, 'lost, season 1', 149);
insert into album (albumid, title, artistid) values (231, 'lost, season 2', 149);
insert into album (albumid, title, artistid) values (232, 'achtung baby', 150);
insert into album (albumid, title, artistid) values (233, 'all that you can''t leave behind', 150);
insert into album (albumid, title, artistid) values (234, 'b-sides 1980-1990', 150);
insert into album (albumid, title, artistid) values (235, 'how to dismantle an atomic bomb', 150);
insert into album (albumid, title, artistid) values (236, 'pop', 150);
insert into album (albumid, title, artistid) values (237, 'rattle and hum', 150);
insert into album (albumid, title, artistid) values (238, 'the best of 1980-1990', 150);
insert into album (albumid, title, artistid) values (239, 'war', 150);
insert into album (albumid, title, artistid) values (240, 'zooropa', 150);
insert into album (albumid, title, artistid) values (241, 'ub40 the best of - volume two [uk]', 151);
insert into album (albumid, title, artistid) values (242, 'diver down', 152);
insert into album (albumid, title, artistid) values (243, 'the best of van halen, vol. i', 152);
insert into album (albumid, title, artistid) values (244, 'van halen', 152);
insert into album (albumid, title, artistid) values (245, 'van halen iii', 152);
insert into album (albumid, title, artistid) values (246, 'contraband', 153);
insert into album (albumid, title, artistid) values (247, 'vinicius de moraes', 72);
insert into album (albumid, title, artistid) values (248, 'ao vivo [import]', 155);
insert into album (albumid, title, artistid) values (249, 'the office, season 1', 156);
insert into album (albumid, title, artistid) values (250, 'the office, season 2', 156);
insert into album (albumid, title, artistid) values (251, 'the office, season 3', 156);
insert into album (albumid, title, artistid) values (252, 'un-led-ed', 157);
insert into album (albumid, title, artistid) values (253, 'battlestar galactica (classic), season 1', 158);
insert into album (albumid, title, artistid) values (254, 'aquaman', 159);
insert into album (albumid, title, artistid) values (255, 'instant karma: the amnesty international campaign to save darfur', 150);
insert into album (albumid, title, artistid) values (256, 'speak of the devil', 114);
insert into album (albumid, title, artistid) values (257, '20th century masters - the millennium collection: the best of scorpions', 179);
insert into album (albumid, title, artistid) values (258, 'house of pain', 180);
insert into album (albumid, title, artistid) values (259, 'radio brasil (o som da jovem vanguarda) - seleccao de henrique amaro', 36);
insert into album (albumid, title, artistid) values (260, 'cake: b-sides and rarities', 196);
insert into album (albumid, title, artistid) values (261, 'lost, season 4', 149);
insert into album (albumid, title, artistid) values (262, 'quiet songs', 197);
insert into album (albumid, title, artistid) values (263, 'muso ko', 198);
insert into album (albumid, title, artistid) values (264, 'realize', 199);
insert into album (albumid, title, artistid) values (265, 'every kind of light', 200);
insert into album (albumid, title, artistid) values (266, 'duos ii', 201);
insert into album (albumid, title, artistid) values (267, 'worlds', 202);
insert into album (albumid, title, artistid) values (268, 'the best of beethoven', 203);
insert into album (albumid, title, artistid) values (269, 'temple of the dog', 204);
insert into album (albumid, title, artistid) values (270, 'carry on', 205);
insert into album (albumid, title, artistid) values (271, 'revelations', 8);
insert into album (albumid, title, artistid) values (272, 'adorate deum: gregorian chant from the proper of the mass', 206);
insert into album (albumid, title, artistid) values (273, 'allegri: miserere', 207);
insert into album (albumid, title, artistid) values (274, 'pachelbel: canon & gigue', 208);
insert into album (albumid, title, artistid) values (275, 'vivaldi: the four seasons', 209);
insert into album (albumid, title, artistid) values (276, 'bach: violin concertos', 210);
insert into album (albumid, title, artistid) values (277, 'bach: goldberg variations', 211);
insert into album (albumid, title, artistid) values (278, 'bach: the cello suites', 212);
insert into album (albumid, title, artistid) values (279, 'handel: the messiah (highlights)', 213);
insert into album (albumid, title, artistid) values (280, 'the world of classical favourites', 214);
insert into album (albumid, title, artistid) values (281, 'sir neville marriner: a celebration', 215);
insert into album (albumid, title, artistid) values (282, 'mozart: wind concertos', 216);
insert into album (albumid, title, artistid) values (283, 'haydn: symphonies 99 - 104', 217);
insert into album (albumid, title, artistid) values (284, 'beethoven: symhonies nos. 5 & 6', 218);
insert into album (albumid, title, artistid) values (285, 'a soprano inspired', 219);
insert into album (albumid, title, artistid) values (286, 'great opera choruses', 220);
insert into album (albumid, title, artistid) values (287, 'wagner: favourite overtures', 221);
insert into album (albumid, title, artistid) values (288, 'fauré: requiem, ravel: pavane & others', 222);
insert into album (albumid, title, artistid) values (289, 'tchaikovsky: the nutcracker', 223);
insert into album (albumid, title, artistid) values (290, 'the last night of the proms', 224);
insert into album (albumid, title, artistid) values (291, 'puccini: madama butterfly - highlights', 225);
insert into album (albumid, title, artistid) values (292, 'holst: the planets, op. 32 & vaughan williams: fantasies', 226);
insert into album (albumid, title, artistid) values (293, 'pavarotti''s opera made easy', 227);
insert into album (albumid, title, artistid) values (294, 'great performances - barber''s adagio and other romantic favorites for strings', 228);
insert into album (albumid, title, artistid) values (295, 'carmina burana', 229);
insert into album (albumid, title, artistid) values (296, 'a copland celebration, vol. i', 230);
insert into album (albumid, title, artistid) values (297, 'bach: toccata & fugue in d minor', 231);
insert into album (albumid, title, artistid) values (298, 'prokofiev: symphony no.1', 232);
insert into album (albumid, title, artistid) values (299, 'scheherazade', 233);
insert into album (albumid, title, artistid) values (300, 'bach: the brandenburg concertos', 234);
insert into album (albumid, title, artistid) values (301, 'chopin: piano concertos nos. 1 & 2', 235);
insert into album (albumid, title, artistid) values (302, 'mascagni: cavalleria rusticana', 236);
insert into album (albumid, title, artistid) values (303, 'sibelius: finlandia', 237);
insert into album (albumid, title, artistid) values (304, 'beethoven piano sonatas: moonlight & pastorale', 238);
insert into album (albumid, title, artistid) values (305, 'great recordings of the century - mahler: das lied von der erde', 240);
insert into album (albumid, title, artistid) values (306, 'elgar: cello concerto & vaughan williams: fantasias', 241);
insert into album (albumid, title, artistid) values (307, 'adams, john: the chairman dances', 242);
insert into album (albumid, title, artistid) values (308, 'tchaikovsky: 1812 festival overture, op.49, capriccio italien & beethoven: wellington''s victory', 243);
insert into album (albumid, title, artistid) values (309, 'palestrina: missa papae marcelli & allegri: miserere', 244);
insert into album (albumid, title, artistid) values (310, 'prokofiev: romeo & juliet', 245);
insert into album (albumid, title, artistid) values (311, 'strauss: waltzes', 226);
insert into album (albumid, title, artistid) values (312, 'berlioz: symphonie fantastique', 245);
insert into album (albumid, title, artistid) values (313, 'bizet: carmen highlights', 246);
insert into album (albumid, title, artistid) values (314, 'english renaissance', 247);
insert into album (albumid, title, artistid) values (315, 'handel: music for the royal fireworks (original version 1749)', 208);
insert into album (albumid, title, artistid) values (316, 'grieg: peer gynt suites & sibelius: pelléas et mélisande', 248);
insert into album (albumid, title, artistid) values (317, 'mozart gala: famous arias', 249);
insert into album (albumid, title, artistid) values (318, 'scriabin: vers la flamme', 250);
insert into album (albumid, title, artistid) values (319, 'armada: music from the courts of england and spain', 251);
insert into album (albumid, title, artistid) values (320, 'mozart: symphonies nos. 40 & 41', 248);
insert into album (albumid, title, artistid) values (321, 'back to black', 252);
insert into album (albumid, title, artistid) values (322, 'frank', 252);
insert into album (albumid, title, artistid) values (323, 'carried to dust (bonus track version)', 253);
insert into album (albumid, title, artistid) values (324, 'beethoven: symphony no. 6 ''pastoral'' etc.', 254);
insert into album (albumid, title, artistid) values (325, 'bartok: violin & viola concertos', 255);
insert into album (albumid, title, artistid) values (326, 'mendelssohn: a midsummer night''s dream', 256);
insert into album (albumid, title, artistid) values (327, 'bach: orchestral suites nos. 1 - 4', 257);
insert into album (albumid, title, artistid) values (328, 'charpentier: divertissements, airs & concerts', 258);
insert into album (albumid, title, artistid) values (329, 'south american getaway', 259);
insert into album (albumid, title, artistid) values (330, 'górecki: symphony no. 3', 260);
insert into album (albumid, title, artistid) values (331, 'purcell: the fairy queen', 261);
insert into album (albumid, title, artistid) values (332, 'the ultimate relexation album', 262);
insert into album (albumid, title, artistid) values (333, 'purcell: music for the queen mary', 263);
insert into album (albumid, title, artistid) values (334, 'weill: the seven deadly sins', 264);
insert into album (albumid, title, artistid) values (335, 'j.s. bach: chaconne, suite in e minor, partita in e major & prelude, fugue and allegro', 265);
insert into album (albumid, title, artistid) values (336, 'prokofiev: symphony no.5 & stravinksy: le sacre du printemps', 248);
insert into album (albumid, title, artistid) values (337, 'szymanowski: piano works, vol. 1', 266);
insert into album (albumid, title, artistid) values (338, 'nielsen: the six symphonies', 267);
insert into album (albumid, title, artistid) values (339, 'great recordings of the century: paganini''s 24 caprices', 268);
insert into album (albumid, title, artistid) values (340, 'liszt - 12 études d''execution transcendante', 269);
insert into album (albumid, title, artistid) values (341, 'great recordings of the century - shubert: schwanengesang, 4 lieder', 270);
insert into album (albumid, title, artistid) values (342, 'locatelli: concertos for violin, strings and continuo, vol. 3', 271);
insert into album (albumid, title, artistid) values (343, 'respighi:pines of rome', 226);
insert into album (albumid, title, artistid) values (344, 'schubert: the late string quartets & string quintet (3 cd''s)', 272);
insert into album (albumid, title, artistid) values (345, 'monteverdi: l''orfeo', 273);
insert into album (albumid, title, artistid) values (346, 'mozart: chamber music', 274);
insert into album (albumid, title, artistid) values (347, 'koyaanisqatsi (soundtrack from the motion picture)', 275);


